Date,Actual,ARIMA-Total,SARIMAX-Total,LightGBM-Total,ARIMA-Zone,SARIMAX-Zone,LightGBM-Zone,ARIMA-Type,SARIMAX-Type,LightGBM-Type,LSTM-Type,Transformer-Type,Transformer-Zone,LSTM-Total,Transformer-Total,LSTM-Zone
2019-04-15,2674.3839213663014,6684.902025680667,3435.690733750289,2521.877907861732,6318.068680804116,3309.0019977540514,3340.9820002254887,6318.068680804116,3525.803387336462,5254.022833993347,3229.702606201172,3106.041320800781,3479.788330078125,3140.47094727,3195.15380859,2767.94483471
2019-04-16,3430.7610880329694,6693.1719117728135,2885.63025953675,2959.670943680232,6758.893795547936,3120.067260271404,2419.060579957125,6758.893795547936,3228.9606019750454,4182.763773557046,3229.7025756835938,2536.3766174316406,3492.418182373047,3906.92041016,3195.15380859,3314.29378033
2019-04-17,8581.579921366301,7055.658799734031,7482.559824924172,7664.863895148021,7021.368297192224,7617.215042697151,7444.761966660177,7021.368297192224,8077.628915094344,6750.683905609903,7266.298583984375,7734.122436523437,6876.527404785156,7822.19335938,8352.14550781,8494.03613281
2019-04-18,8119.5449213663005,7691.5835527127965,7452.412851867481,6968.557881665252,7541.778917449916,7196.370419528282,6957.7133645362055,7541.778917449916,7332.422194770324,6095.672782198888,7266.298583984375,7171.8096923828125,7111.2718505859375,7398.26220703,8352.14550781,8512.83966064
2019-04-19,8433.200088032969,6746.128522996685,6514.364961907067,5797.287793703885,6708.939674103664,6678.538069481916,7055.840174960613,6708.939674103664,6252.807951946372,6542.732613457442,7389.804016113281,7591.984375,7257.015563964844,8088.14355469,8352.14550781,8173.01037598
2019-04-20,3617.474921366304,3704.7087260495,3478.613834856251,3184.721394702536,3411.856422554062,3014.18261558322,3584.55727670394,3411.856422554062,2966.378483792972,3818.191968717956,3229.188232421875,3026.5092163085938,2647.437561035156,3656.45751953,3195.15380859,3626.86519623
2019-04-21,2978.7569213663014,3135.339005044107,2529.598750942063,3409.647149730905,3160.010607025043,2858.640338756207,2988.721403237631,3160.010607025043,2910.315438849389,2810.922963403726,3229.188232421875,2971.117431640625,2641.828491210937,3006.39501953,3195.15380859,3350.69244003
2019-04-22,8934.4349213663,6775.733798215199,7339.097397888072,7945.720293098031,6162.046284024559,6935.010671296527,7406.4051129854815,6162.046284024559,7008.461580444721,6521.621345496925,7389.804016113281,7914.3714599609375,7066.42041015625,9007.44238281,8376.62597656,8723.43591309
2019-04-23,8061.938421366302,6431.075372410014,7660.453068312305,7787.654628654526,6726.066682604396,7623.964391219039,7411.256591713575,6726.066682604396,7569.236878040572,6789.454116067494,7389.804016113281,8026.7098388671875,6771.545227050781,8150.71484375,8376.62597656,7960.54638672
2019-04-24,8261.092421366306,6800.55356582645,7265.292774096566,8024.468877520824,6608.1434132382365,7387.968060696923,7476.330536674876,6608.1434132382365,6666.567492717365,6130.121465928153,7389.804016113281,8087.260559082031,6975.571838378906,8234.57714844,8376.62597656,8247.81298828
2019-04-25,8229.171088032967,7424.802848214059,7141.76904895326,8002.877295284515,7574.878571413236,7570.589495455585,7170.818617879811,7574.878571413236,7378.135024142188,6471.247422100564,7389.804016113281,7879.208862304687,6965.189270019531,8256.00195312,8376.62597656,8132.13616943
2019-04-26,8251.988840716804,6801.259618763809,6373.323721830619,6578.266532260186,7224.98347679552,7229.9047130402,7362.087323019704,7224.98347679552,6979.858817766948,6219.319830767722,8291.765930175781,8381.429260253906,6928.911804199219,8243.43359375,8376.62597656,8160.58648682
2019-04-27,3738.617464760173,3316.4336798395148,3449.065989652118,3850.552580308273,3657.450517189895,3899.038393725746,3530.265751545174,3657.450517189895,4340.618953209112,3564.321817606893,3790.8449096679688,3583.3355102539062,3531.3345642089844,3765.40161133,3375.17944336,3662.4163208
2019-04-28,2955.6463994160167,2947.260392678875,4061.712370203925,3748.817667000658,3320.43637110643,3352.457414876136,2999.320121159894,3320.43637110643,3524.1554026277045,2676.305037560189,3790.8449096679688,3436.76513671875,3504.1852111816406,2947.9753418,3375.17944336,2874.91262817
2019-04-29,8859.973232749348,5676.001663523222,7217.384484013783,7886.583505209167,5935.350602529965,7456.550364671734,6641.796555273592,5935.350602529965,7972.678460993806,6483.869973007918,8291.765930175781,8409.970458984375,7195.666748046875,8902.02246094,8989.10058594,8934.55505371
2019-04-30,9204.351057521922,6263.665006327014,7262.524866512982,8248.128047039394,6592.379999442032,7198.748603584372,7885.80441395797,6592.379999442032,7291.79486653472,7562.622462596334,8291.765930175781,8313.164245605469,7878.813781738281,9163.79394531,8989.10058594,9272.21252441
2019-05-01,9244.394066082685,6749.360903684361,3522.40071108771,3690.614934718001,7227.826452229647,3167.510756039588,6089.445053934457,7227.826452229647,3528.407474030236,4218.014450195296,3790.844940185547,3588.1400756835938,4708.8404541015625,9124.79785156,4805.70019531,9325.76123047
2019-05-02,8959.893899416018,7983.4947053243395,7371.125633293131,6766.556721353093,7880.610410031129,7325.091219880445,7583.442419533341,7880.610410031129,7220.103585356606,7663.938219042749,8291.765930175781,8363.500549316406,7904.458740234375,8941.15625,8989.10058594,9034.70141602
2019-05-03,9117.985732749348,6890.542688795622,7758.706452293293,6555.545494794739,6881.137807068315,7342.082366201612,6931.971775032868,6881.137807068315,8265.255735210954,7188.48622652099,9085.9228515625,8559.465393066406,7665.224670410156,9077.82128906,8989.10058594,9200.1965332
2019-05-04,4820.768232749347,3675.5700704138894,3727.662154519269,3763.4115095417046,3190.482990973044,3209.7177027673683,3757.495790912295,3190.482990973044,3589.9783204859814,3449.602363715992,4479.526275634766,4877.763305664063,3951.715759277344,4878.70751953,4805.70019531,4829.66487885
2019-05-05,3878.097899416015,3496.720764089725,3142.810267680899,3729.508075531484,2938.586942003098,3021.1893197598574,3513.6153300882866,2938.586942003098,3080.485342354189,2939.955496185926,4479.526275634766,3966.498748779297,3778.009643554688,3864.05004883,4805.70019531,4029.59267616
2019-05-06,3184.608066082682,6799.9541642048825,4218.06523362181,4257.5146447706575,6771.713401083034,4274.527494531766,4711.882323877029,6771.713401083034,4517.752836880144,4594.716435522311,4479.526275634766,3417.0470275878906,2682.6287841796875,3203.32299805,3004.57836914,3151.09921646
2019-05-07,9070.728399416012,7037.456055243898,8489.38939700952,8144.988029444279,7274.991795997011,8588.094364246626,8977.242925662855,7274.991795997011,9090.527823083296,9007.25011233974,9085.9228515625,9060.0380859375,7928.301452636719,9112.109375,8824.39746094,9087.8671875
2019-05-08,8701.131566082682,7619.778132829927,9948.667969039376,7822.986315269933,7878.329225719771,9463.361829547806,9710.237929828696,7878.329225719771,10161.664907754846,10084.955383765204,9085.9228515625,8424.230651855469,7876.917663574219,8706.64257812,8824.39746094,8635.04333496
2019-05-09,4794.091066082681,8092.941755899438,5394.116135556599,3632.573812303881,8359.226771864685,4997.353858596865,6371.648544493544,8359.226771864685,5490.739756278412,7162.899100141129,9085.9228515625,8982.295227050781,7443.565246582031,4943.55761719,3004.57836914,4749.57498169
2019-05-10,8644.658732749345,7715.542117220613,9153.679973456114,6427.060380476675,7447.273751493512,8974.527343669242,7648.469902795579,7447.273751493512,9546.54013910389,6536.129537369845,8244.872985839844,7958.952270507812,7789.292236328125,8655.05175781,8824.39746094,8673.7220459
2019-05-11,2568.621399416015,3958.03071576676,4452.745319086653,3736.5924248302354,3830.250105889313,4128.120812554667,4027.688834987631,3830.250105889313,4838.926842147791,4157.864626665606,3189.042297363281,2439.97216796875,2232.984588623047,2554.83496094,3004.57836914,2561.56164551
2019-05-12,2539.823899416016,3458.8158183820105,4978.376933347915,4451.904343568423,3257.4054409804435,3970.233692651936,4138.695653680788,3257.4054409804435,5480.543490905953,3656.226958968301,3189.042297363281,2912.1375122070312,2302.2471923828125,2535.83666992,3004.57836914,2546.03266525
2019-05-13,7724.228566082681,5656.680719798291,7498.722441181237,7382.363136095025,5730.3599045001365,7913.293233723351,6851.988450003173,5730.3599045001365,8003.823943486749,6043.495990236863,8244.872985839844,8874.331237792969,7296.3251953125,7731.28173828,7540.54736328,7813.14611816
2019-05-14,7660.131689854429,6799.805300567337,8165.381861195047,7208.809985870967,6966.304859979421,7939.508105211811,7488.464474863775,6966.304859979421,8813.429872061151,6662.493927604016,8244.872985839844,7269.475891113281,7107.759826660156,7635.77832031,7540.54736328,7701.47869873
2019-05-15,7568.576286819039,7369.119168294452,7121.394317756191,7946.227141076463,7913.447101921185,8201.455264931841,8004.485399314968,7913.447101921185,8703.698603789491,8582.348757529751,8244.872985839844,6841.7152099609375,6810.056457519531,7629.96582031,7540.54736328,7608.6159668
2019-05-16,7447.973953485702,7633.9687037039375,7847.1003663412785,6984.070467519299,7314.522847076136,8366.119073814267,7935.009594462825,7314.522847076136,8901.923263412195,7322.617945762907,8244.872985839844,7852.401000976562,6869.4029541015625,7436.25244141,7540.54736328,7431.59375
2019-05-17,7960.191453485703,7944.31444652325,8174.131608293018,7162.434096386452,7292.853727520382,8005.748994481356,7696.839000849758,7292.853727520382,8137.848008380528,7587.986751009473,7995.779174804687,7608.279052734375,7297.416442871094,7956.89599609,7540.54736328,7936.21820068
2019-05-18,3906.228286819036,3293.288590487024,4107.9051850067,3302.90819656863,3770.550269477206,3405.9443250446952,3549.6346842639464,3770.550269477206,3827.7384367317336,3351.382808320956,3408.3678588867188,3748.152465820313,3190.8411560058594,3977.95556641,3742.91723633,3990.96105957
2019-05-19,3736.245286819037,3441.3416108596684,4890.650142511552,3286.319514685245,3343.886324175748,3779.705905353204,3455.105658391421,3343.886324175748,4228.886923320291,3278.8878916306835,3408.3678588867188,3725.348510742188,3058.4050903320312,3733.00292969,3742.91723633,3831.50677299
2019-05-20,3788.835453485702,6163.442061190062,3607.4489046750937,3537.601238167181,6473.620505477219,3539.524349422424,3507.386209312396,6473.620505477219,3447.5676343051086,4789.806227233416,3408.3678588867188,3759.521484375,3173.7976989746094,3827.19116211,3574.7487793,3764.39178085
2019-05-21,9553.003953485704,7098.538583958743,8077.954434907042,7798.043561647218,7610.6815065342835,7946.789492421274,7937.898559531093,7610.6815065342835,8070.661940161117,6822.022874980589,7995.779418945312,7873.178894042969,8690.624572753906,9644.453125,8378.01074219,9617.3659668
2019-05-22,8628.278120152369,7353.09973767089,8015.3969741342335,7651.772920223978,7989.595223137796,8284.93501098691,8285.109962279033,7989.595223137796,7724.122817448156,7194.978864439131,7995.779418945312,7613.335144042969,8229.872009277344,8623.3359375,8378.01074219,8843.2722168
2019-05-23,7873.666620152372,7725.1427268687,8330.27183837166,7588.102794222852,8049.788940645871,8000.111847760121,7902.9954822154095,8049.788940645871,7848.908062178244,6414.295467839535,7995.779418945312,7491.908264160156,7315.748474121094,7920.43994141,8378.01074219,7917.75134277
2019-05-24,7908.749286819037,7853.490752769694,8052.455605389438,7616.121291318032,7638.59518197862,7957.050747865069,7159.244063514496,7638.59518197862,7306.737410815934,7250.870018524856,7945.142761230469,7603.542114257812,7030.053588867188,7950.93212891,8378.01074219,7968.11547852
2019-05-25,3693.2651201523695,3458.64315942895,4121.56563105204,4068.812256314483,3848.570878093792,3593.646077747806,3574.753283392145,3848.570878093792,4084.9119558062735,4579.519319011821,3289.7486877441406,3275.7267456054688,3207.2296752929688,3718.00195312,3574.7487793,3517.37748337
2019-05-26,3385.2226201523704,3419.838015114265,3536.3029301069955,3395.501694473748,3608.969647764833,3422.985996115158,3024.3319512191265,3608.969647764833,3785.156479868043,3309.465778576494,3289.7486877441406,3343.306030273437,2872.533905029297,3396.64208984,3574.7487793,3417.96773911
2019-05-27,8476.247300700627,5832.685355445643,8370.712095184412,8641.389497240878,5868.519738425683,7677.258954745591,7452.5296838478,5868.519738425683,8297.735717411964,7575.538655336805,7945.142761230469,8837.785217285156,8053.010559082031,8488.5546875,8006.55175781,8447.19702148
2019-05-28,8433.757833333331,7132.737225220917,8025.798531733484,8530.31328183829,7598.374474040639,7682.507961072119,7894.152437115881,7598.374474040639,8211.45785757059,8195.430782214464,7945.143249511719,8345.61474609375,8057.8297119140625,8457.00390625,8006.55175781,8469.07202148
2019-05-29,8046.901166666665,7671.757433964307,8574.45311957934,8875.655993117629,8278.011227652583,8274.578977278157,8393.506046017528,8278.011227652583,8201.067196357279,8304.868925967045,7945.143249511719,7715.445739746094,7179.640197753906,8058.08837891,8006.55175781,8006.70703125
2019-05-30,7318.060666666663,7868.912264481555,8885.821631683999,7918.758866169354,7950.431926831568,8616.361360794213,7945.85142589811,7950.431926831568,8186.259955308355,8037.317767910086,7945.142761230469,7828.818969726562,6777.674682617188,7285.06835938,8006.55175781,7258.6842041
2019-05-31,8240.911833333335,7412.8530817333085,8254.098826170255,7869.032882217516,7907.98245470387,7970.733111800989,7917.546460986537,7907.98245470387,7995.2713142367265,9099.76310761057,8144.5555419921875,7702.759704589844,7574.951354980469,8244.4296875,8006.55175781,8264.45812988
2019-06-01,4017.448666666668,3674.725375869096,4236.037837457897,4541.046951546518,3783.4279679844217,3508.8936065464,3607.349284420208,3783.4279679844217,3733.575324591159,3645.525615148412,3302.977905273437,3797.29541015625,3686.688232421875,4004.87670898,3424.16162109,3967.2638855
2019-06-02,2967.561166666666,3741.828034080568,4816.445314380432,3958.3285169464384,3426.208240114474,3845.4482791591104,3743.8597953291264,3426.208240114474,4226.728746930475,3532.8936531802374,3302.9776611328125,2792.626953125,2575.679931640625,2960.82958984,3424.16162109,2922.00772476
2019-06-03,3363.9690000000014,6476.64383704424,3808.329184690344,2424.257872755434,5966.815902576668,3324.581934585808,5129.9854988135485,5966.815902576668,3637.2175120981633,4040.894175649689,3302.9775390625,3225.9762573242188,2938.8629150390625,3355.35473633,3323.20166016,3361.27285385
2019-06-04,9005.017333333331,7890.744054087196,8556.20320399056,8128.505792184143,7989.501953155031,7984.250366958782,7973.089504184894,7989.501953155031,7836.45146189037,8914.738251492163,8144.555358886719,8575.299133300781,8343.191040039062,9055.31835938,8142.46875,8923.13269043
2019-06-05,8490.448000000004,7154.207296304927,8323.861359652146,8191.473513474771,7835.517357278457,7945.649312984421,7926.254330290738,7835.517357278457,8218.790672664118,8527.643430462564,8144.555358886719,8359.035827636719,7805.2996826171875,8493.93457031,8142.46875,8442.33978271
2019-06-06,8008.851333333332,7256.015860188052,7567.551952539052,7456.323879070816,7922.487053626068,7930.489901506341,7603.292798636367,7922.487053626068,7532.423724896296,7194.3719505976815,8144.555358886719,7905.005981445312,7091.133056640625,8063.83007812,8142.46875,8003.55072021
2019-06-07,7661.948,7113.148356715407,8292.813739878622,6067.689065215403,7609.356149100419,8163.298915806259,7040.760494478577,7609.356149100419,7934.031183060079,7269.435409345911,7979.445617675781,7167.274719238281,6610.992065429688,7653.36816406,8142.46875,7594.62567139
2019-06-08,3513.505666666667,3440.212405346027,4393.823849263344,3256.2295743611426,3723.173013419461,3814.522034701722,3069.524949733905,3723.173013419461,3718.496180757622,3420.55308511178,2944.627990722656,3310.4451293945312,3095.991577148437,3557.12036133,3323.20166016,3487.75833893
2019-06-09,3413.1968333333334,3445.334930820908,4623.792319379158,2346.9586271350104,3403.086561039639,3672.084118128953,2954.4693814703137,3403.086561039639,3968.74210947062,3374.265236725038,2944.627990722656,3092.089599609375,3001.6190185546875,3448.99951172,3323.20166016,3295.38175583
2019-06-10,8232.676833333333,5391.50290404511,7824.269873108709,8577.502647425188,5938.606952326883,7836.546398436975,8209.015592587302,5938.606952326883,7721.947186750847,7654.155558844917,7979.445617675781,7897.252258300781,7702.877990722656,8221.71289062,8008.00634766,8219.31573486
2019-06-11,7942.742833333335,7396.557594520899,7820.587108076414,8775.739564134961,7564.970582999963,7738.650188336921,8565.20217212889,7564.970582999963,8168.489137141581,7586.5369668127505,7979.445617675781,7906.116333007812,7013.134765625,7857.56054688,8008.00634766,7912.07418823
2019-06-12,7169.710166666666,8229.956823039436,7868.685707736538,8189.791620317508,8051.708786090266,7762.821185806423,8486.42068580267,8051.708786090266,8557.241353919015,8641.022552094675,7979.445617675781,7725.053344726562,7008.637390136719,7574.38183594,8008.00634766,7132.41479492
2019-06-13,8241.615499999998,8243.95981267773,8084.964291377612,7505.279649801686,7596.780487632082,8101.080600853089,8189.422681819497,7596.780487632082,7927.747180105101,8571.98946201452,7979.445617675781,7107.879943847656,7335.648864746094,8215.80859375,8008.00634766,8169.51330566
2019-06-14,7803.790666666664,8129.845230905988,7793.821409700706,7133.872497883419,7708.897195959515,8078.715816226509,8182.146035348271,7708.897195959515,7852.6597741611,8197.649067019229,7975.223388671875,7870.210327148437,7382.6552734375,7730.09082031,8008.00634766,7755.67840576
2019-06-15,3777.664833333333,4033.194070678068,3700.466885815944,3766.134340465062,3640.97096293132,3710.777333250127,3571.5389004553235,3640.97096293132,3349.427381813717,3473.2600081248893,3207.7905883789062,3750.0993041992174,3512.6075134277344,3797.34179688,3522.4440918,3805.85882568
2019-06-16,3267.886,3332.1709561892294,3862.858513963978,3541.177366352598,3375.466792593553,3575.8497624577985,3118.7726617714457,3375.466792593553,3486.0735988233805,2742.524878955737,3207.7905883789062,3279.042724609375,3297.8473205566406,3277.05688477,3522.4440918,3309.61993408
2019-06-17,7430.25966666667,5504.334630541879,7696.172567178232,7822.646108543587,5621.660208211184,7472.531969730055,7513.03070823749,5621.660208211184,7551.578858285639,6284.529575352133,7975.223388671875,8503.320922851562,6987.856994628906,7390.00585938,7532.91601562,7441.56994629
2019-06-18,7912.645999999998,8145.312196620968,8231.573231302504,8951.13088658924,8210.903608685061,8164.937162479938,8600.214217479552,8210.903608685061,7993.717750518577,8681.53531805564,7975.223388671875,7694.0738525390625,7236.1761474609375,7903.71289062,7532.91601562,7960.23632812
2019-06-19,7282.155333333328,7881.41371390307,8311.509087916753,7784.333221243105,7797.13950537958,8269.577230487334,8117.70685641739,7797.13950537958,8042.254747022881,8138.250786693075,7975.223388671875,7075.523010253906,6847.546508789063,7294.09570312,7532.91601562,7292.3286438
2019-06-20,7504.352333333333,7717.996099587948,7966.952449315066,7744.068161986757,7975.786560197394,7990.980897949224,7973.330191022899,7975.786560197394,7679.424668524287,7711.27724969056,7975.223388671875,7893.533264160156,7105.616149902344,7486.16308594,7532.91601562,7565.84857178
2019-06-21,7784.826999999997,7705.282988981307,7472.308780893301,8207.634209309466,7695.627683620215,7740.921326014786,7755.2314119948305,7695.627683620215,7390.333722539226,7731.71732651322,7661.815673828125,7471.515502929687,7233.887268066406,7752.49414062,7532.91601562,7741.3236084
2019-06-22,2715.2000000000007,3837.022821525565,3749.6431718195167,3753.604812976775,3977.4871044990527,3937.9388262895545,4182.442770315936,3977.4871044990527,3978.154192102599,3685.192202886516,2825.0396728515625,2909.4947509765625,2308.3423767089844,2704.2902832,2541.70361328,2623.03321838
2019-06-23,2276.8338333333327,3301.611089592182,3617.439489725439,2635.6664096665,3091.94678055076,3576.982892665768,3596.632349933762,3091.94678055076,3454.981502906414,3554.715615410292,2825.0396728515625,2363.2361755371094,1788.4258422851562,2246.50830078,2541.70361328,2238.0815773
2019-06-24,8139.728333333333,5802.877063168883,7585.448935833438,7921.188798874118,5965.5891023667655,7380.160707178912,7581.198947766203,5965.5891023667655,7540.396635925723,7839.328886828628,7661.815673828125,7616.386291503906,7314.053405761719,8176.65576172,7962.21484375,8120.28424072
2019-06-25,7858.093666666664,7677.337782347713,7573.257193834777,8011.618841589177,7588.933857777661,7173.231685707831,8185.7337851537395,7588.933857777661,7329.047607232934,8616.955169595047,7661.815673828125,7773.899963378906,7301.25341796875,7862.59716797,7962.21484375,7883.93664551
2019-06-26,8152.741333333333,7790.5416304832,7538.656921757332,7299.523531340331,7517.971337645921,7103.990833346435,7738.057140022879,7517.971337645921,7681.000098608087,8214.935933245915,7661.815673828125,7211.9456787109375,7324.988159179687,8177.9453125,7962.21484375,8207.55102539
2019-06-27,7779.205333333335,8027.014924147383,7624.342634449764,7007.035272360596,7433.905619349536,7598.579635832118,7804.817426210112,7433.905619349536,7525.0745839098,7920.896387006923,7661.815673828125,7468.609375,7093.5084228515625,7785.48193359,7962.21484375,7826.25061035
2019-06-28,7829.340833333334,8152.976143951058,7749.051960377758,7790.957713096169,7398.923463030638,7652.393301998722,7924.667569740613,7398.923463030638,7793.805516099499,7741.95341982924,8129.422058105469,7824.3582763671875,7058.684387207031,7836.95556641,7962.21484375,7691.68753052
2019-06-29,4411.398833333333,4102.1386752518665,3470.4820487771667,2906.6854654197164,3475.6600584058024,3438.909567868681,3798.345924805216,3475.6600584058024,3309.139042212374,3965.746953719693,3202.3903198242188,4056.3670043945312,3537.1173706054688,4445.28955078,3825.27880859,4368.31626129
2019-06-30,3501.3283333333334,3185.8238123002666,3635.809278859955,2702.2891671746124,2912.615552802614,3523.8281875950206,3627.5253940512994,2912.615552802614,3050.102251656314,3252.5577113625764,3202.3903198242188,3274.626220703125,2724.068603515625,3516.55615234,3825.27880859,3491.23163605
2019-07-01,7550.628999999999,6260.374166588471,7040.348776264813,7583.715174866445,6587.915383659292,7543.7498975005,7655.184501064193,6587.915383659292,7604.089691820353,7650.706505293845,8129.422058105469,7837.4761962890625,7357.096252441406,7534.77783203,7336.02392578,7491.32351685
2019-07-02,7457.099500000001,8004.977239965515,7323.62171059076,8032.090238857615,8029.861891479002,7751.282054537829,8047.7458202334,8029.861891479002,7472.567084472627,7573.048473517281,8129.422058105469,7880.170349121094,7199.449523925781,7447.91845703,7336.02392578,7399.41363525
2019-07-03,7566.768833333333,7728.117007974512,7941.068363941494,8034.818848692321,7744.607141912691,8230.667613248452,7823.863650779078,7744.607141912691,7912.016899658023,7456.105535428323,8129.422058105469,7823.587585449219,7045.965393066406,7555.94482422,7336.02392578,7526.67346191
2019-07-04,7334.2959999999985,7849.821989181437,7736.236789131142,7740.75234069366,7772.663213262969,8215.712377955897,8173.059305873192,7772.663213262969,7824.301999585241,7681.797294672515,8129.422058105469,7785.784973144531,6465.504455566406,7293.19482422,7336.02392578,7358.1572876
2019-07-05,6862.277666666664,7890.912402245779,7931.67433073312,8269.317315882186,7578.818839110381,8056.146416821186,7845.654269631358,7578.818839110381,7741.405195256108,7421.043615284198,7670.876647949219,6816.130676269531,6058.550476074219,6835.39208984,7336.02392578,6848.03146362
2019-07-06,4119.097833333333,3799.477270654463,3677.078922833469,3484.417906375434,3795.9645093029626,3602.6264300078324,3942.619054390562,3795.9645093029626,3511.827550462928,3364.295567511394,3068.048797607422,4077.3501586914062,3266.450134277344,4051.3671875,3580.40380859,4217.26399231
2019-07-07,3155.638000000001,3145.290338110227,3283.768777103908,3212.0457866481543,3240.066657011196,3279.944062633146,3332.0830967913653,3240.066657011196,3225.185870068083,3153.4968018455297,3068.048797607422,3025.423828125,2828.5135498046875,3136.81494141,3580.40380859,3174.99357605
2019-07-08,7625.645666666662,6706.0842906561375,7621.442700290885,8152.883521689975,6385.004282180269,7479.552499023534,8064.843515927103,6385.004282180269,7465.051995501311,7629.2310692639485,7670.876403808594,7310.459228515625,7150.069946289063,7621.86865234,7300.73779297,7652.91729736
2019-07-09,7236.993166666669,8191.111968264087,7586.100952407274,7714.810571304464,7809.024694402779,7407.340553246396,7556.699900950316,7809.024694402779,7421.233229710459,7086.373449466726,7670.876403808594,7571.018249511719,6752.568176269531,7227.22412109,7300.73779297,7241.60961914
2019-07-10,7030.40766666667,7664.262546570815,7520.44165510946,6808.060930766288,7745.065333027952,7399.115969537612,7519.435165521062,7745.065333027952,7686.45851973061,7282.057022273959,7670.876403808594,7290.6995849609375,6372.4580078125,7036.89257812,7300.73779297,7086.04626465
2019-07-11,7201.048166666665,7392.164060780175,7654.641573751382,7318.31513205896,7554.510437874893,7423.564470135307,7262.59519376585,7554.510437874893,7152.863766803356,7336.975017625269,7670.876647949219,6807.705810546875,6477.419860839844,7201.921875,7300.73779297,7190.78686523
2019-07-12,7749.877854366986,7416.851021736133,7327.090242396747,8072.336707021782,7538.1550314828655,7285.176932183592,7450.926048054216,7538.1550314828655,7348.190357680321,7361.605637705154,7315.293701171875,7450.363525390625,6940.4046630859375,7740.12109375,7300.73779297,7765.31390381
2019-07-13,4104.5202694332975,4017.115909795159,3780.4241385227833,4028.592552184008,3666.001511552571,3701.278882856612,3495.2547925994395,3666.001511552571,3339.39201261706,4201.41767179157,2886.711700439453,4362.4571533203125,3635.1650390625,4084.64892578,3457.04443359,4137.42158508
2019-07-14,2665.500333333332,3318.712641360594,3725.555350538648,3249.130760031488,3248.7921102174423,3463.7396199848936,2813.5645325474857,3248.7921102174423,3381.984661336965,3276.230220492269,2886.711334228516,2631.6253356933594,2382.887634277344,2658.14013672,3457.04443359,2622.38614011
2019-07-15,8167.094166666663,6424.355227911281,7134.972650095167,7352.77605755252,6599.93708139491,7378.306722384968,8027.711028019403,6599.93708139491,7291.737180475593,6990.114761309695,7315.293701171875,7481.29052734375,8121.089050292969,8249.1953125,8232.26074219,8134.63049316
2019-07-16,2012.737333333333,7777.012263128001,3311.413193481744,4047.319717339969,7846.555860639139,3468.083333081763,4530.934918820937,7846.555860639139,2916.5205109243498,5006.087128260555,2886.711700439453,3120.9390258789062,1739.8744506835938,2037.71813965,2901.39501953,1975.98123121
2019-07-17,2143.000333333334,7597.998331297851,3339.8727334038017,3746.820646640943,7493.43897713136,3563.2536963684965,3912.23449868268,7493.43897713136,3536.5019081581736,4077.837368186639,2886.711456298828,3149.7808837890625,1858.908966064453,2157.74755859,2901.39501953,2133.7872467
2019-07-18,8357.90866666667,7699.969359804526,7058.518556563917,7531.299485492725,7549.235867643185,7485.314032597844,7191.755196115162,7549.235867643185,6999.983132308513,7090.432322075549,7315.293701171875,7502.611511230469,8498.741638183594,8434.20507812,8232.26074219,8337.58355713
2019-07-19,8336.781666666673,7444.204815568887,7477.963001702425,7485.544021088644,7341.139706260034,7613.775496349735,7290.097404668263,7341.139706260034,7295.364112148737,6826.681331372458,8227.569213867188,8211.610534667969,8079.200988769531,8414.01074219,8232.26074219,8365.89593506
2019-07-20,4477.253666666667,3725.184735318361,3746.675926889568,3824.853695040535,3968.813651095135,3399.797407359402,3681.179284703893,3968.813651095135,3748.1767177238753,4200.075830605232,3457.5899353027344,4480.212524414063,4043.852478027344,4474.02441406,2901.39501953,4455.72262573
2019-07-21,3193.021833333333,3071.266878121225,3344.2392545818584,4115.02261214953,3268.662275971128,3174.0486968972705,3166.8802300565685,3268.662275971128,3249.207894681232,3273.29293075649,3457.5899353027344,2881.38037109375,2835.1747131347656,3203.30029297,2901.39501953,3238.05183411
2019-07-22,8464.800166666664,6471.869812780949,7686.078718565021,8519.172586370822,6715.735965923928,7519.12434230512,7904.156434428511,6715.735965923928,7491.072004698113,7637.295807869916,8227.569091796875,8265.833068847656,7831.1796875,8466.92089844,7777.86962891,8443.95874023
2019-07-23,8700.145999999997,7113.784077562444,6933.893192023255,9010.417287138236,7369.665257343926,7161.458982362367,7780.104327146724,7369.665257343926,6652.26811546307,8070.470447204508,8227.569091796875,8209.026306152344,8065.949523925781,8687.57714844,7777.86962891,8680.67547607
2019-07-24,7382.193666666664,7024.401505561833,7792.394661802142,9094.284523929731,7100.992614638829,7731.181753913241,7975.079527485163,7100.992614638829,7484.954194576454,7656.550555026849,8227.569091796875,8683.371765136719,6513.3411865234375,7404.00683594,7777.86962891,7407.9543457
2019-07-25,7519.154666666667,7237.374780095701,7685.874658606484,8687.705702691848,7428.1165687313,7449.6613327430305,7614.371286753115,7428.1165687313,7272.714532421884,7034.656291769871,8227.569091796875,8947.02734375,6623.086181640625,7499.82226562,7777.86962891,7544.16223145
2019-07-26,7635.814999999998,7502.248223161891,7443.1981595855905,8563.739569112226,7856.192510796573,7671.125992123146,7195.422281059298,7856.192510796573,7940.802247979893,7432.440243953635,8041.2484130859375,7164.0576171875,6952.525085449219,7619.55859375,7777.86962891,7672.02337646
2019-07-27,4129.808333333331,4107.160824315501,3672.339298994082,5029.609483001965,4394.686839818664,4009.888298412912,3815.7428223260977,4394.686839818664,3874.2196921984,3339.811150643236,3272.4938354492188,3995.502197265625,3710.400909423828,4123.20800781,2858.77612305,3884.37539673
2019-07-28,2444.4423333333325,3069.75307410459,3113.0164611696564,3994.940374973467,3476.635944106323,3463.749277846377,3390.490054635701,3476.635944106323,3015.479334734789,2578.5794360564623,3272.4938354492188,2346.239288330078,2027.860412597656,2436.96728516,2858.77612305,2457.3524704
2019-07-29,2964.4971666666656,6903.922856889771,3198.8054382087125,2858.777153400264,6470.78693438203,3436.125360072294,3382.597387866695,6470.78693438203,3277.6903857869675,2877.262313567153,3272.4937133789062,2669.1521606445312,2660.5388793945312,2991.19970703,2996.47241211,3031.06903839
2019-07-30,8436.005333333333,7145.720150671512,7839.978828942139,8509.36194534248,6937.312644318245,7423.1053520085725,7654.216847206855,6937.312644318245,7240.500360603272,8443.941609490204,8041.2484130859375,8351.610595703125,7998.16064453125,8426.67675781,7685.93603516,8401.12353516
2019-07-31,8010.707833333334,6986.358972015123,7632.089202327089,8025.792941727645,6883.782288672833,7290.474457373143,7218.5521403744815,6883.782288672833,7535.022756452558,8107.672200307824,8041.2484130859375,8230.898498535156,7431.657775878906,8046.01611328,7685.93603516,7894.19146729
2019-08-01,6950.051,7934.699670564857,7816.439391592965,8373.401969434392,8070.499272513732,7770.390750286528,7572.765234854734,8070.499272513732,7882.718706635029,8269.723312270187,8041.2484130859375,7470.812438964844,6272.10693359375,6945.16748047,7685.93603516,6934.74813843
2019-08-02,7369.216166666663,7264.1692522249,7440.465787384526,7700.60684597731,7611.093074582037,7725.937684616138,7566.470039584425,7611.093074582037,7616.017663670528,6481.990498121727,7721.406860351562,7310.3336181640625,6539.7198486328125,7370.84277344,7685.93603516,7337.60424805
2019-08-03,3844.278166666666,3837.6722566688863,3458.150936708608,3704.4380731342153,3792.212634308257,3459.9911289601955,3422.022519217492,3792.212634308257,3457.0153201609683,3664.841143600368,3034.3564453125,3846.4259643554688,3421.953186035156,3875.80908203,2996.47241211,3392.98181152
2019-08-04,2408.063166666667,3163.5058048618125,3490.180976748464,3143.952327167747,3239.721521410201,3249.477008099921,3059.528924250022,3239.721521410201,3324.450309397273,3769.443003650849,3034.3564453125,2507.1310119628906,2088.8966369628906,2422.18237305,2996.47241211,2282.95724487
2019-08-05,7061.839999999998,5811.477394615956,7213.086125368992,8076.310048658308,6385.784027790366,7211.565442481965,7814.567243501868,6385.784027790366,7361.052861260054,7265.847961261637,7721.406860351562,8425.22265625,6683.176574707031,7058.52441406,7257.30957031,6994.67022705
2019-08-06,7401.955166666668,6912.73598114787,7653.736098337009,7846.286357725347,7195.238292035768,7350.488743672286,7565.544535204068,7195.238292035768,7541.397191058112,7759.847292518168,7721.406860351562,8250.977478027344,6994.61328125,7427.3046875,7257.30957031,7241.85354614
2019-08-07,7049.474333333333,6989.566653053025,7523.127948546602,7423.6584370760975,6916.840484681421,7733.39235239994,6960.892811826972,6916.840484681421,7517.928450695977,7552.969209957448,7721.406860351562,6969.071716308594,6691.974182128906,7035.97363281,7257.30957031,7044.56295776
2019-08-08,7000.113333333334,7931.982651275964,7266.918193611455,7379.2370572806685,7395.936561050911,7426.604468651187,7391.995687525677,7395.936561050911,7751.479897273864,7434.605818165493,7721.406860351562,7261.221435546875,6545.5697021484375,7009.50830078,7257.30957031,7009.93554688
2019-08-09,7350.914499999999,7680.095573875627,7434.484043529632,7427.358246533039,7344.447425911607,7611.547099520464,7763.929920465733,7344.447425911607,7345.697297139428,7329.3080890054,7136.864990234375,7059.7279052734375,6839.93017578125,7377.96972656,7257.30957031,7319.87719727
2019-08-10,3448.674,3911.6569619882594,3754.790317969212,3534.031755019676,3780.786174094481,3216.723713260412,3310.372414499527,3780.786174094481,3642.171496374749,3785.77133203268,2761.363647460937,3580.84716796875,3159.3922424316406,3442.09130859,3136.50610352,3416.96655655
2019-08-11,2801.8234999999986,2898.0874682985946,3264.7532563323725,3221.271280250774,3021.298377995463,3270.622782360362,2990.7296306919816,3021.298377995463,3033.789925169478,3358.5671373596174,2761.363647460937,2750.4533081054688,2454.654022216797,2769.10009766,3136.50610352,2778.73881793
2019-08-12,3162.3718333333336,6425.263281243304,3260.345261233323,2924.197212351772,6047.370050386794,3236.07453363026,2925.217509672905,6047.370050386794,3260.181359726077,4213.895404096986,2761.363647460937,2884.1163330078125,2817.03759765625,3153.98510742,3187.46069336,3124.95180893
2019-08-13,8042.33266666667,7530.437613275663,7266.490223543971,7241.961508835558,7068.727472517603,7256.823284689958,6513.286294212421,7068.727472517603,7016.996879773178,7429.665534303514,7136.864929199219,7334.31884765625,7287.5614013671875,8041.07617188,7520.83349609,8018.34515381
2019-08-14,7583.610833333334,7174.366748494665,7435.231155861649,6548.855065697017,6854.981510380995,7239.761154347881,6795.359063158721,6854.981510380995,7335.654237074687,7100.288287212867,7136.864929199219,7147.682922363281,7035.404968261719,7570.3984375,7520.83349609,7605.51794434
2019-08-15,6979.175499999997,8152.703844368656,7274.45965377173,7094.271439173628,7492.341797479161,7395.039476382507,7377.531983571434,7492.341797479161,7187.834054389887,7061.618547545156,7136.864929199219,7065.55224609375,6497.688293457031,6976.5234375,7520.83349609,7023.7276001
2019-08-16,6902.791166666664,7840.630427019209,7417.33199880846,7073.30713997498,7360.6120614871215,7330.315821032455,7200.837767084808,7360.6120614871215,7433.982422249808,6683.869982822298,7591.430297851562,7125.892028808594,6449.494140625,6901.75341797,7520.83349609,6900.38256836
2019-08-17,2758.533666666668,4137.811396530625,3307.934464628156,3877.536674673116,3662.888496417087,3475.382808389173,3865.825021599017,3662.888496417087,3556.821025355124,3414.93057685116,3314.16552734375,3103.984619140625,2722.227813720703,2743.08374023,3187.46069336,2680.56016159
2019-08-18,3798.1185,3112.6333665159013,3183.9476751301245,3569.5029879097137,2917.8258356636456,3174.1578444509205,3110.293252739234,2917.8258356636456,3103.278410653026,3416.3595819453485,3314.16552734375,3303.8140258789062,3100.034118652344,3777.59350586,3187.46069336,3754.67853546
2019-08-19,8308.345500000001,6216.398916264153,7303.856228807664,7472.506799401475,6570.883692988196,7544.864826910419,7566.513330699868,6570.883692988196,7462.84928584169,7458.015239634154,7591.430297851562,7809.2718505859375,7321.601745605469,8290.35058594,7664.05273438,8395.34729004
2019-08-20,7962.256166666665,7250.578710990101,7532.005583726916,6972.681378160922,7089.696696058161,7443.62037170581,7743.023593137438,7089.696696058161,7433.463738511879,6754.956604379891,7591.430297851562,7638.9365234375,7102.46435546875,7951.8671875,7664.05273438,7878.18994141
2019-08-21,7707.171500000003,7036.291071288682,7485.4813565380755,7267.660566224635,7064.494095558383,7445.714491262486,7511.558804344855,7064.494095558383,7297.5078758684995,6817.40334250105,7591.430297851562,7377.3621826171875,6811.049987792969,7690.79052734,7664.05273438,7657.68203735
2019-08-22,7625.263499999998,7548.866624157397,7448.846623025202,7437.892151824878,7386.81270625775,7341.52888196333,7460.400210557029,7386.81270625775,7365.093191147682,7051.102659424243,7591.430297851562,7212.786560058594,6558.216979980469,7611.59375,7664.05273438,7668.57824707
2019-08-23,7562.552,7584.408191612501,7179.897296102385,7363.113690639087,7500.03051995752,7408.305725941257,7546.293281305698,7500.03051995752,7437.593641237974,7370.0182397954595,7754.345764160156,7524.701171875,6830.0947265625,7551.23925781,7664.05273438,7507.68521118
2019-08-24,3920.1128333333336,3628.413311411112,3124.821253741003,3112.1502380224206,3754.039228665966,3037.8234493181394,3562.15408754681,3754.039228665966,3049.840523342141,3764.434180837104,3387.994537353516,3827.113220214844,3473.3426513671875,3916.69848633,3248.70678711,3955.98026276
2019-08-25,2757.1784999999986,2995.327251221044,3328.9216803269715,2754.820876583572,3046.1735231413973,3353.175149068173,2678.1896816284243,3046.1735231413973,3340.669406251884,3810.910499029892,3387.994537353516,2719.3395080566406,2299.5942993164062,2750.98168945,3248.70678711,2706.30362511
2019-08-26,7881.954666666667,5852.360493785891,7285.535983224388,7266.676356955316,6013.648063379551,7238.744465448115,6836.976148200161,6013.648063379551,7231.495440158497,6261.323975913963,7754.346130371094,8057.78662109375,7062.810119628906,7913.90234375,7259.98535156,7925.38165283
2019-08-27,8078.945333333331,7853.811881949051,7716.96812936792,7205.972889738769,7497.576308714697,7614.728102523763,7796.102918526718,7497.576308714697,7647.168117187413,7661.850030392875,7754.345764160156,8178.44970703125,7256.151733398437,8104.59863281,7259.98535156,7952.98101807
2019-08-28,7254.562666666666,7296.337826940315,7433.099913040105,7523.008923296845,7021.34276051379,7742.700577974905,7453.771232985249,7021.34276051379,7458.167382346841,7237.604466890511,7754.345764160156,7521.081848144531,6716.449096679688,7285.23486328,7259.98535156,7292.03005981
2019-08-29,7024.870666666664,7368.960620710637,7097.2454451185895,7337.030431445142,7692.162669123401,7385.025083808986,7601.860204941012,7692.162669123401,7465.397608240775,7161.952653205527,7754.346130371094,7518.078002929687,6193.022705078125,7057.04638672,7259.98535156,7024.68478394
2019-08-30,6732.7965,7190.457514200589,7354.421037534856,7000.638533228464,7281.604485397564,7485.987576467748,7545.287241870175,7281.604485397564,7429.049000697814,6820.835892651745,7478.81494140625,6974.2012939453125,6142.178161621094,6756.79345703,7259.98535156,6762.57870483
2019-08-31,4730.883,3685.387507032278,3670.593989150497,3497.1176226265616,3721.6699601518703,3412.8944846870686,3455.0683133896086,3721.6699601518703,3504.134647719336,3366.6877859883984,3346.389068603516,4696.540588378906,4105.452331542969,4774.93701172,3829.4296875,4929.09951782
2019-09-01,3384.988499999999,3268.580835169284,3355.2246507966943,3562.154938809041,3070.1352546711573,3145.6274122391187,3171.69517585747,3070.1352546711573,3346.844867925369,3014.9937053388794,3346.389068603516,3410.509521484375,3075.152374267578,3409.41625977,3829.4296875,3411.10381699
2019-09-02,7326.969,6435.294075223585,7476.464135658358,7511.292668178326,6547.928252586484,7725.81746237984,8060.087359317646,6547.928252586484,7509.384709097814,7677.635493443361,7478.81494140625,7623.933715820312,6686.96533203125,7354.11865234,6676.05175781,7298.78790283
2019-09-03,7130.658833333329,7708.90347300266,7342.759465326602,7269.369517319687,7706.303927856173,7591.232141262359,7979.30987423849,7706.303927856173,7565.475883961721,7076.977744183999,7478.81494140625,7911.555725097656,6408.782897949219,7165.63818359,6676.05175781,7121.24682617
2019-09-04,6474.751,7134.794869153616,7558.566516150298,6896.107878808215,7277.112898072778,7524.41129549614,7704.737042922153,7277.112898072778,7536.877385079504,7496.8740100462,7478.81494140625,7052.33740234375,5893.930480957031,6508.19873047,6676.05175781,6478.90649414
2019-09-05,6497.496333333336,7446.879882364188,7599.0603554672,6972.667609659418,7512.57318668083,7518.357270637494,7620.390072678454,7512.57318668083,7591.014118001945,7098.528754437598,7478.81494140625,6944.29248046875,6089.561218261719,6524.49414062,6676.05175781,6513.62762451
2019-09-06,6972.17116666667,7313.14450828547,7356.409763424413,7248.092611791381,7370.926167555332,7469.844369537186,7523.708427351244,7370.926167555332,7272.657153311539,7418.509512709115,7022.331237792969,6581.130920410156,6446.258544921875,6967.78125,6676.05175781,6966.62231445
2019-09-07,4027.668499999999,3979.650541094732,3676.261795902495,3797.27267740618,3940.151796832746,3672.6927629351167,4324.974242906714,3940.151796832746,3675.758100182587,3817.014232494712,3151.2075805664062,4114.278747558594,3561.306884765625,4093.67236328,3391.31274414,4050.91894531
2019-09-08,3063.017,3042.6823782010288,3090.0784132874487,3318.622199983284,3231.890146764656,3317.910566220381,3651.858556646677,3231.890146764656,3435.176310211516,3095.452554327823,3151.2075805664062,3105.270446777344,2690.5852966308594,3095.44848633,3391.31274414,3026.38007355
2019-09-09,7273.231,6534.230886792263,7348.288005885122,7418.181681152134,6518.041874892846,7358.921418956474,7428.2264044025,6518.041874892846,7308.523939388098,7256.563480628992,7022.331237792969,7515.570983886719,6431.472900390625,7289.70507812,7157.83544922,7310.35998535
2019-09-10,7220.309500000003,7730.106680077378,7467.918817540536,6994.578817949152,7739.805021845803,7403.335512059459,7207.18193831713,7739.805021845803,7181.412075153039,6974.646253884377,7022.331237792969,7262.276733398437,6563.015655517578,7262.69580078,7157.83544922,7218.69378662
2019-09-11,7083.987166666667,7085.046814155653,7384.743744578605,7191.475174255362,7024.293677591652,7212.107965509157,7133.453529043076,7024.293677591652,7151.021082630816,7264.890280247861,7022.331237792969,6419.085388183594,6304.810760498047,7113.49804688,7157.83544922,7077.23995972
2019-09-12,6839.305666666664,7376.901228969663,7242.492039321569,7255.923532779663,7395.200517592714,7183.018708762524,6833.257404396301,7395.200517592714,7183.73048564563,7128.97250341352,7022.331237792969,6597.746948242188,5962.1624755859375,6840.20800781,7157.83544922,6894.43487549
2019-09-13,7193.773166666669,7188.882867546428,7260.776927776493,7039.969993554551,7116.941810180004,7332.413660432538,6950.437133856939,7116.941810180004,7124.021232804845,7146.180032048866,7053.690307617188,6826.107055664063,6341.163330078125,7234.80615234,7157.83544922,7165.67999268
2019-09-14,3715.997,4186.880910050729,3508.110158693781,3577.029496693224,4088.0123396054896,3439.827041177896,3365.975471419082,4088.0123396054896,3469.294141270186,3683.0749690498506,3131.2550048828125,3677.0333557128906,3137.908721923828,3869.19360352,3301.23022461,3539.68490601
2019-09-15,2400.255000000001,3284.8748431419767,3222.571016903846,2920.284371497881,3166.339653047262,3249.1671020260324,3034.0917675327464,3166.339653047262,3114.426254997746,2853.845596526254,3131.2550048828125,2349.5877075195312,2045.1342163085933,2446.81347656,3301.23022461,2377.71131134
2019-09-16,6548.519998481634,6553.631773302987,6919.473243916382,7494.937501724215,6363.792943071291,7121.976628559257,7551.309011448438,6363.792943071291,6913.662761692041,7108.822279813125,7053.690307617188,7074.876708984375,5919.96533203125,6609.16308594,6694.94921875,6511.34072876
2019-09-17,6928.479333333336,7518.316454584352,7068.696781312465,6787.429945777526,7352.575422006207,7089.98560248149,7573.019482067651,7352.575422006207,7006.706179572398,6972.417464871055,7053.690307617188,7126.349670410156,6168.515075683594,6757.79150391,6694.94921875,6798.54803467
2019-09-18,7326.964166666667,6818.012280980481,7156.226118674453,7045.4379945820365,6830.930579623849,7188.770485437941,7479.59436935433,6830.930579623849,7090.92974951967,7027.536588720816,7053.690307617188,6872.415283203125,6496.541839599609,7361.18798828,6694.94921875,7267.92202759
2019-09-19,6949.572500000002,7197.405671232096,6967.816040986629,7133.332261891167,7213.608845840847,7172.259498873373,7278.165410875914,7213.608845840847,7228.095861652375,7120.157537700646,7053.690307617188,6827.928466796875,6178.069061279297,6999.59130859,6694.94921875,6963.2387085
2019-09-20,6313.6695,7275.619694006533,7282.653997669537,7303.352114102625,7135.043190909787,7233.195321126087,7227.003516693645,7135.043190909787,7146.400919164192,7119.2844261642895,6948.219543457031,6190.236022949219,5572.824371337891,6342.74169922,6694.94921875,6324.47668457
2019-09-21,3422.706500000001,4147.384931970283,3496.700138213715,3947.427609274652,4022.506918313736,3445.9730360440576,3666.1805780203263,4022.506918313736,3180.546687651067,3901.3968969126126,2985.059051513672,3395.9256286621094,2918.058380126953,3522.57226562,3122.80126953,3505.82648468
2019-09-22,2986.928666666668,3059.444549550367,3009.773771653182,3205.8511380953123,3077.498167116271,3003.891386520066,3276.9380152981425,3077.498167116271,2985.0803023653834,3466.1989742616224,2985.059051513672,2388.7115478515625,2191.190185546875,3016.58276367,3122.80126953,2937.69019318
2019-09-23,6315.725,6434.422388593111,7081.562336236466,7179.270775790587,6399.2253056085465,6926.861990396772,7312.026968196993,6399.2253056085465,7189.948702373004,7142.969787053403,6948.219665527344,6362.599304199219,5797.023864746094,6299.52441406,6916.73583984,6308.73666382
2019-09-24,6736.791333333333,7466.654470592764,6944.942341926762,7228.702687425477,7331.541158554014,6946.615345418095,7423.579332971741,7331.541158554014,7109.761287091014,6734.811382444512,6948.219543457031,6858.258972167969,6058.546081542969,6694.6796875,6916.73583984,6655.62738037
2019-09-25,7101.6165,7047.1968948509575,7115.864795634059,7249.782370178837,6824.613158845928,7131.119885285661,7067.943474399682,6824.613158845928,7097.067053334162,7107.336106260104,6948.219543457031,7116.025207519531,6463.168029785156,7101.63476562,6916.73583984,7121.38317871
2019-09-26,7437.440666666668,7384.811968031083,7008.407495127064,7253.202180072752,7201.092059608731,7046.923517301726,6974.379158360505,7201.092059608731,7148.243887009357,6825.697784131159,6948.219665527344,6343.612121582031,6578.957183837891,7367.13134766,6916.73583984,7454.64593506
2019-09-27,6788.684333333331,7162.561387326086,6937.080258129885,7026.026859291543,7021.559550022171,7033.087290980855,7044.321554590856,7021.559550022171,6866.252267888143,6742.186939145456,6985.294921875,7323.685119628906,6285.301330566406,6754.00390625,6916.73583984,6723.50350952
2019-09-28,2754.250833333333,3944.953556797087,3312.8896872128494,3161.875018652508,3835.788781802439,3260.120059609647,3621.370416426201,3835.788781802439,3214.715911213881,3540.2523052638257,2921.721893310547,2818.539276123047,2447.8158569335938,2786.63696289,2624.81347656,2836.40173721
2019-09-29,2446.873833333332,2939.5612604953426,2949.111692475205,2846.3971363770324,2825.5255257838417,3040.0405198218014,2890.3781834355414,2825.5255257838417,2673.7380673414623,3173.453271412748,2921.7217712402344,2482.0989685058594,2052.28662109375,2453.65966797,2624.81347656,2463.94447708
2019-09-30,7701.418333333336,6522.844262406441,6903.339977501566,7407.341591540917,6310.589036227221,6772.335296018951,7090.784139599926,6310.589036227221,6820.368905384069,7673.28782682668,6985.294921875,6635.0550537109375,6689.644989013672,7785.64355469,7573.09326172,7617.24035645
2019-10-01,7520.312333333331,7466.869677096558,7148.515112093357,6876.261668219469,7168.886113000664,6894.477832553721,7034.568473266925,7168.886113000664,6869.233919493386,6983.635851640504,6985.294921875,7013.700134277344,6555.562896728516,7538.48876953,7573.09326172,7535.47619629
2019-10-02,7470.522333333333,6899.295973779781,6985.77412294306,6717.680528702215,6773.909063318741,6890.88036312998,6823.471079042213,6773.909063318741,6886.929596796759,6869.771608927163,6985.294921875,7332.586669921875,6724.299957275391,7529.28271484,7573.09326172,7409.70245361
2019-10-03,7626.937833333334,7144.280810875308,6832.41804250388,6601.829128541828,7015.081579244101,7019.433877083663,6678.139851014914,7015.081579244101,7041.574786471572,6898.571996023628,6985.294921875,7296.922607421875,6819.537841796875,7680.99023438,7573.09326172,7631.03051758
2019-10-04,6556.885833333336,7088.891748768469,6656.609842608379,6761.973703767154,6951.230775748297,6905.60749576307,6996.264317866708,6951.230775748297,6880.9635929969645,7202.470743552694,7505.426513671875,7064.725769042969,5757.521270751953,6577.79199219,7573.09326172,6479.9175415
2019-10-05,2834.332666666668,4030.295799537323,2977.666902029091,2996.350295395806,3846.1375945603454,3081.272075012721,3753.7742424006888,3846.1375945603454,3020.571238720424,3552.08886926912,3129.354278564453,2701.944732666016,2309.3369140625,2893.55688477,2555.97607422,2836.66359329
2019-10-06,1936.5026666666663,2980.520473802162,2891.55260599208,2970.5564995523773,2990.143597698671,2837.517699787547,3108.1038516932963,2990.143597698671,2725.695162546788,3087.883580026566,3129.354278564453,2043.1877136230469,1636.2336730957031,1953.18017578,2555.97607422,1991.43092728
2019-10-07,6950.135999999998,6310.720756372592,6832.844000821497,7909.80400459337,6177.894776251436,6770.316752319708,7422.461462939178,6177.894776251436,6643.22752926259,7181.974678822764,7505.426513671875,7381.791015625,6533.527160644531,7022.27001953,6806.47460938,6913.78826904
2019-10-08,7119.913499999995,7334.0554051150675,6874.667386771456,7553.083745322174,7168.500998613386,6904.254858394603,7034.731778562895,7168.500998613386,6908.51316921212,7370.715061314762,7505.426513671875,7636.071960449219,6591.5928955078125,7010.74462891,6806.47460938,7047.15960693
2019-10-09,6722.916999999997,6972.142277949546,6982.724719569339,7222.513507842393,6845.116273891231,7093.256880544957,7190.391294941097,6845.116273891231,7011.245937073393,6888.43615534261,7505.426513671875,7544.8695068359375,6357.5404052734375,6831.89453125,6806.47460938,6733.93133545
2019-10-10,6705.379166666668,7310.944287966842,6933.628676091798,7375.807520138891,7146.164214277804,6969.785169182629,7024.818273031111,7146.164214277804,7140.250447766065,6766.436330092185,7505.426513671875,7134.1195068359375,6330.176208496094,6697.29492188,6806.47460938,6700.76184082
2019-10-11,6842.065333333331,7008.8828902982805,6790.854227710815,7248.722237910026,6573.66105769131,6841.448607017774,7061.252992498517,6573.66105769131,6678.35889941432,6721.126547781835,6818.888916015625,6662.11328125,6010.795349121094,6858.26318359,6806.47460938,6761.38378906
2019-10-12,3276.035999999999,3756.061641554968,3094.5273991288145,3234.090972038483,3417.093313509517,3125.051722175627,3691.35680459641,3417.093313509517,2889.173240471462,3526.030023088213,2513.816680908203,3387.9362182617188,2842.936737060547,3194.96655273,3076.28833008,3168.95437622
2019-10-13,2898.5034999999984,2842.706406940072,2512.004513190006,2686.148703433814,2729.0705583147587,2756.246757651367,2759.29346602046,2729.0705583147587,2623.460839586226,3251.276411701888,2513.816680908203,2836.709045410156,2233.8335876464844,2867.65063477,3076.28833008,2869.73300171
2019-10-14,3018.7829999999985,6715.379008123313,3076.556549244734,2627.160035548556,6689.196566080376,3170.123867128334,2053.145316149404,6689.196566080376,3184.373325556504,3984.87812510386,2513.816680908203,3163.1058959960938,2488.0062866210938,2934.78808594,2987.32543945,3088.92614365
2019-10-15,8282.567,7522.346333306888,7179.705521693445,7182.028752508694,7456.089531674993,6888.921666997836,7514.319729262243,7456.089531674993,7011.603059758869,7673.29066872666,6818.888916015625,7161.654846191406,7348.8740234375,8200.43847656,7743.63916016,8291.29986572
2019-10-16,7499.141666666666,7100.543952175643,7191.891246699158,6969.8178635829545,6987.383320939147,6996.810194929771,7163.7316579790695,6987.383320939147,7022.750472188525,7096.771456107455,6818.888916015625,6886.029968261719,6758.498840332031,7468.17138672,7743.63916016,7476.69158936
2019-10-17,7400.758999999999,7257.178703200546,7216.362464813455,6827.158393670441,7024.702744668656,6879.752364445174,6984.967433561564,7024.702744668656,7073.673249114496,7141.8866707701945,6818.888916015625,6704.376403808594,6501.499267578125,7379.02294922,7743.63916016,7445.69921875
2019-10-18,7455.258333333333,6932.308860234034,6692.265208851742,6343.668116109585,6795.717032776147,6899.071822804718,6063.449350070926,6795.717032776147,6874.297265641934,6926.096832095659,7501.912170410156,7396.861145019531,6460.79541015625,7421.65820312,7743.63916016,7497.38061523
2019-10-19,3065.820999999998,3788.504233031468,2932.4819758802923,3493.275286662247,3623.528508662531,3031.212622548459,3082.596266560787,3623.528508662531,3080.6784705711,2949.5925065048164,2798.045928955078,3113.8219604492188,2646.4671325683594,3017.4128418,2987.32543945,3166.24424362
2019-10-20,2792.318,2962.5278396877693,2708.789423075663,3264.979059441416,3062.2930717092386,2919.3857831534883,2886.3184810739376,3062.2930717092386,2786.6229553454004,2858.818769025293,2798.045928955078,2763.714904785156,2474.2560119628906,2770.16333008,2987.32543945,2783.05739594
2019-10-21,7658.159500000003,6419.49744027484,7182.516637500579,7432.128973334764,6472.587426062346,7150.610775680739,7198.07100992804,6472.587426062346,7264.062603496297,6968.272147456471,7501.912170410156,7587.775085449219,7098.538024902344,8883.33398438,7701.76123047,7615.99389648
2019-10-22,7696.203641096767,7343.71485853791,7311.276319684364,7591.952577285713,7142.375842583262,7337.712675408103,7203.542139165272,7142.375842583262,7295.037425280118,6896.4348293558405,7501.912170410156,7406.087341308594,6717.848937988281,7704.08691406,7701.76123047,7673.53289795
2019-10-23,3080.3600160477954,6834.115664113882,2990.274746144856,3727.533858890357,6849.973406657495,3051.0954563773034,3165.115195136608,6849.973406657495,3287.842747506359,3568.3513679257903,2798.045928955078,3212.0733947753906,2679.150848388672,3106.40185547,3448.04248047,2954.74215698
2019-10-24,7592.9675160477955,7405.350739632102,7223.84833713763,7788.775407147004,7131.072715095382,7180.522871178488,7359.773422557399,7131.072715095382,7334.1114533514465,7456.089042583782,7501.912170410156,7642.059753417969,6907.2686767578125,7586.63037109,7701.76123047,7564.01501465
2019-10-25,7977.94434938113,7295.167504800099,6999.555180338193,7724.365580001778,7037.671798223591,7160.644316383105,7263.160870269437,7037.671798223591,7137.430714181818,7066.143133731497,7737.156188964844,7741.390869140625,7218.473999023437,7962.9453125,7701.76123047,7943.12115479
2019-10-26,3507.886182714464,3583.333946135056,3330.2393109106,3413.6879488278987,3627.878076050909,3117.080331800776,3666.249163985528,3627.878076050909,3291.968775412492,2939.8801874161286,2851.590789794922,3208.6278076171875,3036.2455444335938,3497.5,3448.04248047,3531.78184509
2019-10-27,3760.0671827144615,2947.623960740621,2900.7991369742176,3083.2109692747404,2802.198920189149,3019.8232949430035,2909.1294389315035,2802.198920189149,3192.6856453603164,2741.1423079895244,2851.590789794922,3498.64697265625,3090.7755432128906,3716.97631836,3448.04248047,3809.36045837
2019-10-28,7928.183182714461,6140.84834197044,7401.52882876092,8261.450489744537,6321.058768440949,7774.000796589228,8037.067606728112,6321.058768440949,7821.640043471062,7685.4968121210095,7737.156188964844,7672.091064453125,7253.302185058594,7100.70410156,6971.171875,7900.45397949
2019-10-29,7414.692682714465,8044.5884370077565,7378.636884960404,7712.641010272986,7655.442213748239,7695.104475166886,8001.746832391745,7655.442213748239,7706.162152024575,7496.431390170253,7737.156188964844,7271.090759277344,6579.723205566406,7407.50683594,6971.171875,7428.22961426
2019-10-30,6578.53634938113,7279.38085192752,7238.381416408505,6971.900222112627,6729.826542672682,7548.112405368765,7088.258407609146,6729.826542672682,7424.714612895897,7535.006725865007,7737.156188964844,7131.126220703125,5897.204345703125,6603.37890625,6971.171875,6580.89706421
2019-10-31,6661.6205010224,7220.214566287018,7470.872710825603,6997.855803846504,7226.680196099778,7474.493241933206,7399.245843101055,7226.680196099778,7479.610304228517,7390.65227370741,7737.156188964844,7462.1005859375,5793.582214355469,6639.56005859,6971.171875,6652.07296753
2019-11-01,6956.191516047792,6760.33735629453,7385.972677974377,7504.618023696447,7087.106214219492,7394.17458740266,7203.863834200129,7087.106214219492,7358.534746226799,6853.78253496099,7356.331237792969,6721.201416015625,5892.542541503906,6972.74804688,6971.171875,6927.42755127
2019-11-02,3681.289516047797,3642.459614330075,3388.820434594885,3792.705204558392,3844.683231976852,3341.123551496925,3356.8297297280624,3844.683231976852,3573.102543629721,3400.7299028663865,2760.251373291016,3648.0629272460938,3221.0302734375,3732.74047852,3497.96459961,3634.51677704
2019-11-03,3506.080182714463,3495.0956816769885,3150.6536645298816,3136.920608526771,3322.373925011022,3264.274687370709,2895.6134218829284,3322.373925011022,3409.490168854042,2887.073066617393,2760.251373291016,3343.0001831054688,3045.1578369140625,3534.8762207,3497.96459961,3549.10198212
2019-11-04,6871.180849381128,6450.497601328772,7262.727976760927,7617.474101297898,6377.760347594408,7568.077449503719,7264.395166774201,6377.760347594408,7475.973546302903,7471.215490532744,7356.331237792969,7679.912170410156,6425.5452880859375,6950.11279297,6786.74804688,6801.47195435
2019-11-05,7027.934682714462,7359.73844914732,7325.8143144134865,6943.038503530172,7348.849770903718,7352.512155650661,7315.590708466634,7348.849770903718,7546.005981539891,7097.197090226384,7356.331298828125,6954.267456054688,6488.173278808594,7034.29150391,6786.74804688,7034.20770264
2019-11-06,7265.875516047794,6949.88190551135,7349.4926729119215,6667.758128640386,6444.205278465559,7261.989055746557,7022.227804551604,6444.205278465559,7133.6397439862,7216.651227219748,7356.331298828125,6506.208312988281,6540.2081298828125,7324.36621094,6786.74804688,7260.98883057
2019-11-07,6562.717016047792,6839.65798305477,7196.5840573595615,6461.196883035575,7087.695885982063,7156.859924021308,7027.388349809433,7087.695885982063,7348.20939777315,7532.455616127312,7356.331237792969,6728.442932128906,6265.700378417969,6562.12548828,6786.74804688,6547.09762573
2019-11-08,6382.713849381131,7058.736483303591,7336.4828166301,6804.758430413765,7012.256370762565,7270.993132548719,7152.615879792027,7012.256370762565,7215.141389341248,6956.089767346311,6836.327209472656,6277.024108886719,5988.442077636719,6380.98779297,6786.74804688,6369.03067017
2019-11-09,2855.813682714462,3641.799276497968,3324.846183171509,4054.631860776061,3454.0284630973383,3176.1357474242905,3144.9482727682653,3454.0284630973383,3307.451194718248,3354.976804481122,2349.2208557128906,2751.0834350585938,2571.496490478516,2919.74291992,2752.25366211,2636.66640472
2019-11-10,2646.221647993605,2526.1329208374905,3354.63236102804,3355.0998750501176,3081.855129915873,3164.5391108174967,2723.5981722370043,3081.855129915873,3337.22845714276,2765.7997018508822,2349.2208557128906,2561.83154296875,2318.783203125,2693.02416992,2752.25366211,2666.21550751
2019-11-11,6599.015602653843,6454.947068545011,6841.634500928205,7183.626283205816,6144.646149454093,7017.748714543372,6807.43496474014,6144.646149454093,7031.224860954673,6792.81175200944,6836.327209472656,6758.6666259765625,6280.5394287109375,6576.92822266,6733.05078125,6631.2020874
2019-11-12,7212.020602653844,7469.165606987335,7077.453258347279,7025.447338674692,7178.589995751068,7156.714251081265,7210.545793076798,7178.589995751068,7139.305042539294,6961.434487105266,6836.327209472656,7042.00244140625,6570.667602539063,7203.76953125,6733.05078125,7288.60983276
2019-11-13,6395.939242347029,6792.285153960111,6719.7009770843415,6821.840415591338,6541.327044247167,7051.712673481709,6721.295779524856,6541.327044247167,6910.001784156124,6764.809306086658,6836.327209472656,7110.2581787109375,6422.178161621094,6396.77978516,6733.05078125,6385.43966675
2019-11-14,6975.70834938113,6901.76129549313,6868.124944468453,6774.209823897569,6918.753916240909,7055.664560186082,6781.264450106269,6918.753916240909,7002.91530543093,7114.721250425265,6836.327209472656,6283.422119140625,6431.559509277344,6942.45898438,6733.05078125,7044.99331665
2019-11-15,6571.62418271446,7070.919501978756,7089.043774007738,7073.037856978367,6869.40995113188,7005.285390920064,7003.617070707064,6869.40995113188,6907.765471594718,7154.359892068251,6734.177001953125,6571.03125,6300.028747558594,6552.17333984,6733.05078125,6600.3192749
2019-11-16,3241.1190160477954,3474.2232411047403,3298.312429298945,2733.6899398712503,3418.7101801549943,3136.384644319357,3522.562613399199,3418.7101801549943,3009.3436506250378,3114.22846886606,2242.5205993652344,3212.1861572265625,2816.7907104492188,3180.04443359,3228.57055664,3241.29335785
2019-11-17,3249.100016047795,2783.7556458238832,3066.965225777385,2540.120256739116,2987.7677603503325,3043.14487400066,3125.9742592606744,2987.7677603503325,3028.6897432765163,2798.422839060893,2242.5205993652344,3092.126220703125,2754.0753479003906,3211.52661133,3228.57055664,3281.24990082
2019-11-18,7127.588182714459,6537.155560199852,7094.689245009125,7186.09318787836,6411.18360900427,7084.305453069996,7361.179483936208,6411.18360900427,7034.397757088443,6902.443269696026,6734.1767578125,6628.60791015625,6217.519409179688,7151.96923828,7057.16552734,7054.644104
2019-11-19,6948.430182714461,7486.888951913652,7114.038053527718,6615.576369176248,7226.623056484602,6928.044022509005,7232.610878888667,7226.623056484602,6952.6892899447685,6962.907280578831,6734.176635742188,6743.161743164063,6191.587951660156,6956.07373047,7057.16552734,6909.65795898
2019-11-20,6615.466182714463,6765.508072552961,6927.397257751996,6342.332541878693,6475.165285554941,6952.659720756421,6527.658673320001,6475.165285554941,6824.577920957812,6898.71712444814,6734.176635742188,6669.485900878906,5849.671752929688,6615.98388672,7057.16552734,6465.77703857
2019-11-21,6693.969182714463,6886.8443908934105,7061.527862358698,7052.545735622656,7011.922990479898,7094.790409798778,6833.901660331918,7011.922990479898,6956.61561188908,6715.253134838473,6734.1767578125,6557.898620605469,6120.119323730469,6691.29541016,7057.16552734,6677.54675293
2019-11-22,6944.140182714464,6984.917590608542,6816.715576120605,7001.106216306968,6693.870488614324,6889.663486901729,7123.009876842308,6693.870488614324,6632.5227035613125,6574.41501387951,6783.935546875,6891.911071777344,6277.426025390625,6944.07666016,7057.16552734,6887.36358643
2019-11-23,3343.2353493811283,3530.6663554296547,2925.888444055464,3973.0280707410857,3425.6809540893523,3071.1028463997613,4042.062547333841,3425.6809540893523,2965.9667130369453,3488.49733152964,2468.728302001953,3290.7648315429688,2918.3421325683594,3367.05664062,3073.26953125,3195.05368805
2019-11-24,2590.942682714463,3004.648417401112,2951.0481356043274,3676.221468447647,3065.476647377169,3092.5644513224784,3821.26913813118,3065.476647377169,2879.620761017971,3186.199962020286,2468.728302001953,2922.654235839844,2363.165313720703,2571.95361328,3073.26953125,2532.74747467
2019-11-25,6711.564016047796,6501.412255328044,6948.848231189457,7330.049021467461,6368.016180266292,6829.841482312344,7043.983784996412,6368.016180266292,6698.5162968692775,7015.074554906791,6783.935546875,7028.176574707031,5982.019592285156,6722.94433594,6756.06005859,6638.41717529
2019-11-26,6555.099016047797,7404.8798071607425,7349.822169905816,7108.5966092466015,7218.451068725299,6950.759476912255,6955.155811611176,7218.451068725299,7015.9285802747245,7229.438990892226,6783.935546875,7118.36962890625,5942.78466796875,6531.90820312,6756.06005859,6540.96801758
2019-11-27,6651.827516047795,6600.926855942627,6985.793590648647,6817.429396666226,6330.999261505637,6954.963762662217,6742.677403869393,6330.999261505637,6738.452097141452,6872.383434861722,6783.935546875,6813.456359863281,5931.209228515625,6626.87792969,6756.06005859,6637.73999023
2019-11-28,6579.18884938113,6936.505551734729,6841.430562056016,6733.991753091192,6895.484665505648,6851.064633099901,6698.080333087442,6895.484665505648,6687.193990847265,7068.014106411293,6783.935546875,6891.408386230469,6036.424621582031,6572.07128906,6756.06005859,6538.44213867
2019-11-29,6960.679682714464,6802.8486482721055,6772.63145454688,6878.908578235238,6738.146145025937,6916.882266780221,6833.738365030842,6738.146145025937,6810.172863053302,6558.713728608188,6711.560302734375,6644.922729492188,6039.415710449219,6969.74267578,6756.06005859,6977.92034912
2019-11-30,3162.507016047795,3434.333914078245,3046.7172626171623,2997.429428589546,3418.6445173456764,2879.867272405272,3456.7480318323333,3418.6445173456764,2902.5692811712343,3051.0382591217126,2436.9735107421875,3128.1361694335938,2602.120819091797,3217.10595703,2965.97827148,3152.68348694
2019-12-01,2780.846349381129,2857.3115788635123,2825.730968423427,2744.024670771075,3022.1921882001566,2963.931447010997,3169.15483837498,3022.1921882001566,2798.557630766785,2997.728878148473,2436.9735107421875,2774.9896850585938,2355.9259643554688,2801.50976562,2965.97827148,2808.46083069
2019-12-02,7198.178349381132,6340.552266832579,7006.482346399911,7170.428580659154,6373.679376134295,6846.167474658029,6752.478046261939,6373.679376134295,6806.717229507852,7219.269722562693,6711.560302734375,6693.786682128906,6301.889404296875,7282.51220703,6284.21533203,7122.72802734
2019-12-03,6624.698349381128,7336.145091602469,6887.9246797779415,7139.914986753619,7071.638968236638,6828.206506901931,6940.73816927926,7071.638968236638,6782.185451302482,7035.446466488666,6711.560302734375,6717.088439941406,5917.781982421875,6685.46728516,6284.21533203,6595.2182312
2019-12-04,5740.145682714463,6976.08299181948,7093.012046154432,7203.966747601397,6476.095404890772,6734.653357349605,6682.71908730712,6476.095404890772,6697.371831015297,6669.320218007901,6711.560302734375,6574.784973144531,5068.683227539063,5773.33251953,6284.21533203,5684.67062378
2019-12-05,2613.788182714463,7378.6664838041615,2914.9159168360134,3614.670726370821,6837.618041089458,2754.0575903205963,2857.877908308002,6837.618041089458,2820.560907743092,3281.458707533114,2436.9733276367188,3109.061584472656,2341.8934326171875,2618.62182617,2834.07299805,2654.67408752
2019-12-06,5832.675182714464,6964.72947144009,7057.29477842923,7297.698819356136,6711.505024829576,6783.028124662191,6528.166088961857,6711.505024829576,6751.399948025592,6819.530121697334,6509.615295410156,5895.477844238281,5197.866394042969,5836.86279297,6284.21533203,5825.1803894
2019-12-07,3021.38784938113,3259.620119072759,2940.9837462939545,2793.5955045834585,3431.1333398513234,3130.0259754076947,3504.56071184588,3431.1333398513234,2850.743630037232,3131.5377895739275,2237.6111907958984,3022.4683227539062,2683.196533203125,3081.93920898,2834.07299805,3048.65657043
2019-12-08,2841.11268271446,3019.2764359101093,2657.48896176742,2550.923387577837,2979.5941129226685,2780.639193833555,3152.6129637293125,2979.5941129226685,2713.792290763804,2993.149585534347,2237.6111907958984,2669.7042541503906,2370.5678100585938,2879.18212891,2834.07299805,2856.8881073
2019-12-09,5449.947349381132,6430.928174701275,6764.268474045442,7248.148759444621,6427.768523013549,6872.043865082862,6280.447758643967,6427.768523013549,6809.522293673702,6656.519971233876,6509.615295410156,6572.602966308594,4698.460174560547,5448.85009766,5483.82617188,5413.36923218
2019-12-10,2244.289682714465,7217.993345384425,2856.0020388434027,3347.0670524770376,7075.406413108367,2605.5281225891963,2398.2398472590635,7075.406413108367,2598.2649404705267,2995.465181657346,2237.6111907958984,3015.404327392578,2085.8455200195312,2279.34838867,2736.58227539,2222.56132507
2019-12-11,5572.215682714462,6703.839724829756,6862.324242951563,6789.208968068421,6508.597586750229,6577.263464934079,6194.312955122513,6508.597586750229,6541.295851392662,6689.255314135394,6509.615295410156,5653.2252197265625,4876.498107910156,5584.86083984,5483.82617188,5536.75302124
2019-12-12,5713.786682714464,6716.6853245809325,6835.128090091805,6678.289310565137,6597.273401520674,6750.543300206098,6421.530216712768,6597.273401520674,6446.510874040514,6782.389491835825,6509.615295410156,6636.182189941406,4999.284973144531,5702.65234375,5483.82617188,5640.96057129
2019-12-13,5698.452349381132,6609.347999072543,6446.036568102173,6367.773149247566,6555.9740904617,6453.181939776449,6340.219237146017,6555.9740904617,6470.603333397496,6348.551010941467,5781.41650390625,5424.00048828125,5032.0870361328125,5728.76269531,5483.82617188,5673.80429077
2019-12-14,2900.979349381129,3442.3606293642624,2715.232816143196,3581.735494576348,3337.41541581803,2762.4822510393124,3298.453768366731,3337.41541581803,2804.28133995022,3370.367588824953,2001.018035888672,2825.0440368652344,2450.9002075195312,2908.63916016,2736.58227539,2861.42498779
2019-12-15,2981.3371827144624,3114.851474251635,2653.502849272551,3330.732369594736,3150.0673554969544,2793.797520734708,3154.9044380841488,3150.0673554969544,2648.6894738873125,3410.869676203848,2001.018035888672,2830.465240478516,2410.2066955566406,2972.08032227,2736.58227539,3008.67193604
2019-12-16,7158.579182714464,6252.973482926996,6585.139878220496,6529.3854601139,6678.292019179089,6591.035774405172,6455.780241735002,6678.292019179089,6489.809269062314,6517.493930946199,5781.41650390625,5531.766052246094,6578.300354003906,7172.88818359,7019.33007812,7207.56192017
2019-12-17,7429.268516047797,6971.59714416855,6456.335437047817,6187.09379322447,6549.198718539587,6485.178873185113,6354.150558695364,6549.198718539587,6246.727708808168,6286.893016947161,5781.4163818359375,5472.5318603515625,6691.003845214844,7425.35351562,7019.33007812,7553.09860229
2019-12-18,6509.564182714463,6313.1956373138255,6085.397236858222,5872.381166793804,5923.989327837152,6160.209849632688,5979.460595630211,5923.989327837152,6017.269277190863,6116.316267698907,5781.4163818359375,5421.194152832031,6002.389892578125,6510.80664062,7019.33007812,6536.08016968
2019-12-19,6708.473682714464,6307.816861134058,6428.974897766305,6198.833625092975,6014.188459681091,6437.189747700325,5988.080214913043,6014.188459681091,6290.2085932970285,5947.817453114033,5781.41650390625,5444.542053222656,6083.542236328125,6695.46240234,7019.33007812,6665.75909424
2019-12-20,7132.868182714462,6549.071406553555,6497.777978833048,6413.751711468516,6731.9823253944605,6323.150893995697,6100.511177425732,6731.9823253944605,6147.06971295769,6134.114830800532,7004.686828613281,6773.690002441406,6359.157104492188,7140.28417969,7019.33007812,7229.34249878
2019-12-21,2615.048016047796,3270.134904927838,2909.78384012493,3663.40910146406,3575.3138458228723,2580.178036955038,3270.069880612893,3575.3138458228723,2598.6253143219287,3654.2058617551593,2944.889129638672,2683.9373168945312,2292.255157470703,2638.16650391,2737.84765625,2647.56316376
2019-12-22,2796.481349381129,2602.452068733194,2730.6428733709326,3590.045149843312,2988.7462910514137,2596.217853995373,2954.4626352282908,2988.7462910514137,2398.764749466035,3266.340423043418,2944.889129638672,2678.143493652344,2318.100555419922,2810.78735352,2737.84765625,2835.48596954
